id,year,author,title,abstract,url
15400,2021,,SISTEM INFORMASI LAYANAN ASURANSI BERBASIS ANDROID DAN WEB SERVICE PADA AJB BUMIPUTERA 1912 CABANG SEKIP PALEMBANG.,,http://repository.radenfatah.ac.id/15400/
16159,2021,,PEMANFAATAN HUMAN ORGANIZATION TECHNOLOGY-NET BENEFIT UNTUK MENGUKUR SISTEM INFORMASI E-TICKETING PADA PT KERETA API INDONESIA (Persero) DIVRE III KERTAPATI PALEMBANG.,,http://repository.radenfatah.ac.id/16159/
15465,2021,,SISTEM INFORMASI PERSATUAN AMAL KEMATIAN DESA SUNGAI PINANG KECAMATAN RAMBUTAN KABUPATEN BANYUASIN.,,http://repository.radenfatah.ac.id/15465/
18793,2021,,ANALISIS PENERIMAAN DAN PENGGUNAAN APLIKASI E-LKP UIN RADEN FATAH PALEMBANG MENGGUNAKAN MODEL FOR MANDATORY USE OF SOFTWARE TECHNOLOGIES.,,http://repository.radenfatah.ac.id/18793/
25415,2021,,Sistem informasi Bursa Kerja Khusus Berbasis Web Menggunakan Metode Waterfall Di SMK Muhammadiyah 1 Palembang.,,http://repository.radenfatah.ac.id/25415/
15203,2021,,ANALISIS KEPUASAN PENGGUNA DALAM PENERAPAN SISTEM INFORMASI AKADEMIK MENGGUNAKAN METODE KANO (STUDI KASUS: UNIVERSITAS TRIDINANTI PALEMBANG).,,http://repository.radenfatah.ac.id/15203/
15504,2021,,SISTEM INFORMASI ADMINISTRASI BERBASIS WEB PADA SEKOLAH DASAR ISLAM TERPADU FATHONA PALEMBANG.,,http://repository.radenfatah.ac.id/15504/
15204,2021,,SISTEM INFORMASI KEPEGAWAIAN PADA PT. SURYA BUMI AGROLANGGENG BERBASIS WEB.,,http://repository.radenfatah.ac.id/15204/
15540,2021,,ANALISIS KESUKSESAN E-KKN MENGGUNAKAN PENDEKATAN INFORMATION SYSTEM IMPACT MEASUREMENT MODEL (STUDI KASUS : UIN RADEN FATAH PALEMBANG).,,http://repository.radenfatah.ac.id/15540/
15836,2021,,SISTEM INFORMASI PENGELOLAAN DATA PENCAK SILAT PERSAUDARAAN SETIA HATI TERATE CABANG KOTA PALEMBANG BERBASIS WEB.,,http://repository.radenfatah.ac.id/15836/
25332,2021,,PENILAIAN TATA KELOLA TEKNOLOGI INFORMASI E-LEARNING UNIVERSITAS MUHAMMADIYAH PALEMBANG MENGGUNAKAN COBIT 5 PADA DOMAIN EVALUATE DIRECT AND MONITORING.,,http://repository.radenfatah.ac.id/25332/
31592,2021,,ANALISIS KEPUASAN PENGGUNA SISTEM INFORMASI ADMINISTRASI KEPENDUDUKAN DENGAN MODEL END-USER COMPUTING SATISFACTION.,,http://repository.radenfatah.ac.id/31592/
28729,2021,,SISTEM PENDUKUNG KEPUTUSAN PEMILIHAN LAHAN PERUMAHAN MENGGUNAKAN METODE ANALYTICAL HIERARCHY PROCESS (AHP) DAN TECHNIQUE FOR ORDER PREFERENCE BY SIMILARITY TO IDEAL SOLUTION (TOPSIS).,,http://repository.radenfatah.ac.id/28729/
15256,2021,,ANALISIS KESUKSESAN SISTEM INFORMASI E-KKN LP2M UIN RADEN FATAH PALEMBANG DENGAN MENGGUNAKAN MODEL DELONE AND MCLEAN.,,http://repository.radenfatah.ac.id/15256/
15417,2021,,RANCANG BANGUN SISTEM DIAGNOSA PENYAKIT BUTA WARNA BERBASIS MOBILE PHONE.,,http://repository.radenfatah.ac.id/15417/
15952,2021,,SISTEM INFORMASI KHS DAN KRS ONLINE PADA UNIVERSITAS ISLAM OKI.,,http://repository.radenfatah.ac.id/15952/
15552,2021,,SISTEM INFORMASI PENJUALAN BARANG PADA PT. FASTRATA BUANA CABANG PALEMBANG BERBASIS WEBSITE.,,http://repository.radenfatah.ac.id/15552/
20258,2021,,USABILITY ANALYSIS USING POST - STUDY SYSTEM USABILITY QUESTIONNAIRE ( PSSUQ ) HIGHER EDUCATION INFORMATION SYSTEM ( SIDIKTI ) SJAKHYAKIRTI UNIVERSITY.,,http://repository.radenfatah.ac.id/20258/
25401,2021,,SISTEM INFORMASI PENGELOLAAN DATA PERMINTAAN ALAT KESEHATAN DAN FARMASI (STUDI KASUS: PT CAHAYA DARUSALAM UTAMA).,,http://repository.radenfatah.ac.id/25401/
25050,2021,,SISTEM INFORMASI MANAJEMEN HUBUNGAN PELANGGAN MENGGUNAKAN CRM IRIS METHODOLOGY (STUDI KASUS: PT SAKO UTAMA WISATA).,,http://repository.radenfatah.ac.id/25050/
42390,2021,,PENERAPAN METODE UNIFIED APPROACH (UA) DALAM SISTEM INFORMASI AKADEMIK PADA MA PATRA MANDIRI PLAJU PALEMBANG BERBASIS WEB.,,http://repository.radenfatah.ac.id/42390/
19574,2021,,AUDIT SISTEM INFORMASI MENGGUNAKAN COBIT 5 PADA E-LEARNING UNIVERSITAS MUHAMMADIYAH PALEMBANG.,,http://repository.radenfatah.ac.id/19574/
42358,2021,,E-COMMERCE OTO MANDIRI DENGAN METODE FRAMEWORK FOR THE APPLICATION OF SYSTEM THINGKING.,,http://repository.radenfatah.ac.id/42358/
42457,2021,,SISTEM PENDUKUNG KEPUTUSAN PENERIMA BEASISWA SATU KELUARGA SATU SARJANA (SKSS) MENGGUNAKAN METODE MOORA (MULTI-OBJECTIVE OPTIMIZATION ON THE BASIS OF RATIO ANALYSIS).,,http://repository.radenfatah.ac.id/42457/
19493,2021,,SISTEM INFORMASI RUMAH PRODUKSI 8PRODUCTION FILM BERBASIS WEB.,,http://repository.radenfatah.ac.id/19493/
10691,2021,,ANALISIS STRUCTURAL EQUATION MODELING UNTUK EVALUASI KUALITAS LAYANAN PADA SISTEM INFORMASI PEGAWAI DAERAH.,,http://repository.radenfatah.ac.id/10691/
20391,2021,,IMPLEMENTATION OF DATA MINING FOR CLUSTERING DISASTERPRONE AREAS IN SOUTH SUMATRA USING K-MEANS ALGORITHM.,,http://repository.radenfatah.ac.id/20391/
24508,2021,,Sistem Peramalan Persediaan Suku Cadang Menggunakan Metode Triple Exponential Smoothing Pada PT Tunas Dwipa Matra Palembang.,,http://repository.radenfatah.ac.id/24508/
25691,2021,,Penerapan Metode Rational Unified Process Terhadap Sistem Informasi Manajemen Pondok Pesantren Rubath Al Muhibbien.,,http://repository.radenfatah.ac.id/25691/
20613,2021,,ANALISIS KELAYAKAN INVESTASI SISTEM INFORMASI SIDIKTI DENGAN METODE INFORMATION ECONOMICS PADA UNIVERSITAS SJAKHYAKIRTI PALEMBANG.,,http://repository.radenfatah.ac.id/20613/
34695,2021,,ANALISIS KEPUASAN PENGGUNA SISTEM INFORMASI AKADEMIK (SIAKAD) DI SEKOLAH TINGGI ILMU EKONOMI SERELO LAHAT MENGGUNAKAN END USER COMPUTING SATISFACTION.,,http://repository.radenfatah.ac.id/34695/
20684,2022,,SISTEM INFORMASI PENJUALAN BERBASIS WEB DI CV SEHAT SEJAHTERA 69 PALEMBANG MENGGUNAKAN METODE PROTOTYPE.,,http://repository.radenfatah.ac.id/20684/
20252,2022,,INFORMATION SYSTEM SELECTION FOR PROSPECTIVE STUDENTS IN SMK SWAKARYA PALEMBANG.,,http://repository.radenfatah.ac.id/20252/
20695,2022,,SISTEM INFORMASI TRACER STUDY STIA BALA PUTRA DEWA PALEMBANG.,,http://repository.radenfatah.ac.id/20695/
20587,2022,,ANALISIS KUALITAS SISTEM DAPODIK PADA SEKOLAH MENENGAH ATAS DI KECAMATAN PULAU BERINGIN.,,http://repository.radenfatah.ac.id/20587/
25426,2022,,Audit Sistem Informasi Pelayanan Perpustakaan UIN Raden Fatah (SLiMS) Menggunakan ITIL V4 Praktik Service Management.,,http://repository.radenfatah.ac.id/25426/
26875,2022,,SISTEM INFORMASI SEKOLAH PADA SMP SRIWIJAYA PALEMBANG MENGGUNAKAN FRAMEWORK LARAVEL.,,http://repository.radenfatah.ac.id/26875/
26066,2022,,REKOMENDASI USER INTERFACE MENGGUNAKAN METODE GOAL DIRECTED DESIGN PADA WEBSITE SEKOLAH TINGGI ILMU KESEHATAN AL-SU’AIBAH PALEMBANG.,,http://repository.radenfatah.ac.id/26066/
22012,2022,,Mengukur Tingkat Ketepatan Kelulusan Mahasiswa Dengan Menggunakan Metode Decision Tree.,,http://repository.radenfatah.ac.id/22012/
27159,2022,,Penerapan model utaut 2 dalam penggunaan e-learning sebagai media pembelajaran siswa (studi kasus: sma xaverius 1 palembang).,,http://repository.radenfatah.ac.id/27159/
28351,2022,,SISTEM INFORMASI GEOGRAFIS TEMPAT SAMPAH RESMI DI KOTA PALEMBANG.,,http://repository.radenfatah.ac.id/28351/
27433,2022,,ANALISIS KUALITAS LAYANAN APLIKASI MAXIM MENGGUNAKAN METODE KANO.,,http://repository.radenfatah.ac.id/27433/
23673,2022,,ANALISIS USABILITY WEBSITE SMP YPI TUNAS BANGSA PALEMBANG MENGGUNAKAN METODE HEURISTIC EVALUATION.,,http://repository.radenfatah.ac.id/23673/
20719,2022,,IMPLEMENTASI METODE EXTREME PROGRAMMING PADA SISTEM INFORMASI PERCETAKAN TOTAL DESAIN PALEMBANG.,,http://repository.radenfatah.ac.id/20719/
24966,2022,,Analisis Pengukuran Tingkat Kesuksesan Sistem Informasi E-Learning Versi 2020 Menggunakan Model Delone dan Mclean.,,http://repository.radenfatah.ac.id/24966/
21532,2022,,Asosiasi Data Transaksi Penjualan di Minimarket Surya Mart Palembang dengan Algoritma Frequent Pattern Growth(FP-Growth).,,http://repository.radenfatah.ac.id/21532/
23793,2022,,SISTEM INFORMASI PENJUALAN MOBIL PADA SHOWROOM R&amp;R AUTO BERBASIS WEB DENGAN METODE EXTREME PROGRAMMING.,,http://repository.radenfatah.ac.id/23793/
20795,2022,,ANALISIS USABILITY PADA APLIKASI ABSENSI SUBUH (SI ABUH) MENGGUNAKAN METODE SYSTEM USABILITY SCALE.,,http://repository.radenfatah.ac.id/20795/
21046,2022,,ANALISIS USABILITY SISTEM INFORMASI AKADEMIK STEBIS IGM MENGGUNAKAN POST STUDY SISTEM USABILITY QUESTIONNAIRE PSSUQ.,,http://repository.radenfatah.ac.id/21046/
30275,2022,,ANALISIS KESUKSESAN SISTEM INFORMASI PENELUSURAN PERKARA MENGGUNAKAN MODEL DELONE DAN MCLEAN (STUDI KASUS: PENGADILAN AGAMA KELAS IA PALEMBANG).,,http://repository.radenfatah.ac.id/30275/
21767,2022,,ANALISIS KINERJA SISTEM INFORMASI AKADEMIK MENGGUNAKANMETODE TRADE PADAUNIVERSITASTRIDINANTIPALEMBANG.,,http://repository.radenfatah.ac.id/21767/
25740,2022,,Sistem Pendukung Pengambilan Keputusan Pupuk Produksi Kelapa Sawit Dengan Menggunakan Metode Simple Multi Attribute Rating Technique (Smart).,,http://repository.radenfatah.ac.id/25740/
45338,2022,,Sistem Informasi Bimbingan Konseling Siswa Berbasis Web Pada Madrasah Aliyah Al-Ittifaqiah 2 Indralaya.,,http://repository.radenfatah.ac.id/45338/
21397,2022,,"SISTEM INFORMASI GEOGRAFIS PEMETAAN DAERAH RAWAN GENANGAN BANJIR (STUDI KASUS BIDANG SUMBER DAYA AIR, IRIGASI DAN LIMBAH DINAS PUPR KOTA PALEMBANG).",,http://repository.radenfatah.ac.id/21397/
21044,2022,,SISTEM INFORMASI RESERVASI HOTEL ARJUNA BATURAJA BERBASIS WEB.,,http://repository.radenfatah.ac.id/21044/
20699,2022,,ANALISIS KESUKSESAN SISTEM MANAJEMEN PEGAWAI MENGGUNAKAN MODIFIKASI INFORMATION SYSTEM SUCCESS MODEL (ISSM) (STUDI KASUS: BADAN KEPEGAWAIAN DAN PENGEMBANGAN SUMBER DAYA MANUSIA KABUPATEN MUARA ENIM).,,http://repository.radenfatah.ac.id/20699/
21081,2022,,PERENCANAAN STRATEGIS SISTEM INFORMASI DI MAN 2 PALEMBANG MENGGUNAKAN METODE WARD AND PEPPARD.,,http://repository.radenfatah.ac.id/21081/
30217,2022,,ANALISIS USABILITY PADA WEBSITE STISIPOL CANDRADIMUKA PALEMBANG MENGGUNAKAN METODE WEBSITE USABLITIY EVALUATION TOOL (WEBUSE).,,http://repository.radenfatah.ac.id/30217/
20200,2022,,ANALYSIS OF MEASUREMENT OF PLN MOBILE QUALITY SERVICE TOWARD CUSTOMER SATISFACTION USING THE SERVQUAL METHOD AT PT. PLN (PERSERO) RAYON KAYUAGUNG.,,http://repository.radenfatah.ac.id/20200/
24326,2022,,ANALISIS KEBERHASILAN SISTEM INFORMASI AKADEMIK UNIVERSITAS BATURAJA MENGGUNAKAN HUMAN ORGANIZATION TECHNOLOGY Fit MODEL.,,http://repository.radenfatah.ac.id/24326/
19599,2022,,SISTEM INFORMASI BIMBINGAN KONSELING MENGGUNAKAN METODE EXTREME PROGRAMMING (STUDI KASUS : SMK PGRI TANJUNG RAJA).,,http://repository.radenfatah.ac.id/19599/
20739,2022,,SISTEM INFORMASI PELATIHAN KERJA DI UNIT PELAYANAN TEKNIS DINAS BALAI LATIHAN KERJA (UPTD BLK) KABUPATEN MUARA ENIM BERBASIS WEB.,,http://repository.radenfatah.ac.id/20739/
20335,2022,,Usability Analysis on the Website of SMK Bakti Ibu 3 Palembang Using the Web Usability Evaluation Tool (WEBUSE) Method.,,http://repository.radenfatah.ac.id/20335/
20248,2022,,ANALISIS KUALITAS LAYANAN SLIMS MENGGUNAKAN MODEL WEBQUAL 4.0 DAN IMPORTANCE PERFORMANCE ANALYSIS (IPA).,,http://repository.radenfatah.ac.id/20248/
23628,2022,,SISTEM INFORMASI GEOGRAFIS PEMETAAN DAERAH RAWAN BEGAL DI KOTA PALEMBANG.,,http://repository.radenfatah.ac.id/23628/
24977,2022,,SISTEM INFORMASI BIMBINGAN MAHASISWA DENGAN DOSEN PEMBIMBING AKADEMIK BERBASIS WEB (STUDI KASUS : INSTITUT AGAMA ISLAM AL-QUR’AN AL-ITTIFAQIYAH INDRALAYA).,,http://repository.radenfatah.ac.id/24977/
24062,2022,,USABILITY TESTING PADA APLIKASI E – LIBRARY UNIVERSITAS ISLAM NEGERI RADEN FATAH MENGGUNAKAN METODE SYSTEM USABILITY SCALE.,,http://repository.radenfatah.ac.id/24062/
20355,2022,,SALES INFORMATION SYSTEM USING EXTREME PROGRAMMING METHOD IN CV TRIKARYA UTAMA PALEMBANG.,,http://repository.radenfatah.ac.id/20355/
22276,2022,,Analisis Kepuasan Pengguna Sistem Informasi CIP Menggunakan Model End User Computing Satisfaction Di Universitas Tridinanti Palembang.,,http://repository.radenfatah.ac.id/22276/
23293,2022,,SISTEM PENDUKUNG KEPUTUSAN AGEN TERBAIK DI PERUSAHAAN ASURANSI JIWA BERSAMA BUMIPUTERA 1912 CABANG KAYUAGUNG MENGUNAKAN METODE SMART (SIMPLE MULTI ATTRIBUTE RATING TECHNIQUE).,,http://repository.radenfatah.ac.id/23293/
30098,2022,,SISTEM INFORMASI SUMBER DAYA MANUSIA BERBASIS WEB DENGAN FRAMEWORK CODEIGNITER ( STUDI KASUS : STASIUN METEOROLOGI KELAS II SMB II PALEMBANG ).,,http://repository.radenfatah.ac.id/30098/
25427,2022,,PENERAPAN TECHNOLOGY READINESS ACCEPTANCE MODEL (TRAM) UNTUK PENGUKURAN KESIAPAN DAN PENERIMAAN APLIKASI RF MOBILE.,,http://repository.radenfatah.ac.id/25427/
26824,2022,,Analisis Penerimaan Website Pada IkesT Muhammadiyah Palembang Menggunakan Technologi Acceptance Model(TAM).,,http://repository.radenfatah.ac.id/26824/
30707,2022,,Analisis Kualitas Layanan Website Kaos Nyenyes Palembang Menggunakan Model ES-QUAL.,,http://repository.radenfatah.ac.id/30707/
21551,2022,,SISTEM INFORMASI GEOGRAFIS PEMETAAN LOKASI PUSAT KEGIATAN BELAJAR MASYARAKAT (PKBM) DAN LEMBAGA KURSUS DAN PELATIHAN (LKP) DI KABUPATEN PENUKAL ABAB LEMATANG ILIR MENGGUNAKAN LEAFLETJS.,,http://repository.radenfatah.ac.id/21551/
22666,2022,,Sistem Informasi Pendistribusian Material PT. Sinar Musi Menggunakan Checkpoint Tracker.,,http://repository.radenfatah.ac.id/22666/
25293,2022,,Potensi Ekstrak Jamur Endofit (Curvularia determinata) dari Daun Sungkai (Peronema canescens) Sebagai Antibakteri Staphylococcus aureus.,,http://repository.radenfatah.ac.id/25293/
24194,2022,,Audit Keamanan Sistem Informasi Menggunakan ISO/IEC 27002:2013 Pada UIN Raden Fatah Palembang.,,http://repository.radenfatah.ac.id/24194/
23781,2022,,ANALISIS KUALITAS LAYANAN SISTEM INFORMASI AKADEMIK MENGGUNAKAN METODE SERVQUAL.,,http://repository.radenfatah.ac.id/23781/
23737,2022,,SKRIPSI.,,http://repository.radenfatah.ac.id/23737/
31088,2022,,SISTEM INFORMASI INVENTARIS BARANG DI KANTOR BUPATI KABUPATEN MUSI RAWAS UTARA MENGGUNAKAN JAVA SERVER PAGES.,,http://repository.radenfatah.ac.id/31088/
27594,2022,,Analisis Kualitas sistem care pada asuransi ramayana palembang menggunakan WebQEM.,,http://repository.radenfatah.ac.id/27594/
23034,2022,,KLASIFIKASI KEPRIBADIAN MAHASISWA MENGGUNAKAN METODE NAIVE-BAYES.,,http://repository.radenfatah.ac.id/23034/
25059,2022,,PENERAPAN METODE SERVQUAL DAN IMPORTANCE PERFORMANCE ANALYSIS (IPA) DALAM MENINGKATKAN KUALITAS LAYANAN TERHADAP KEPUASAN PENGGUNA.,,http://repository.radenfatah.ac.id/25059/
23441,2022,,Analisis Kesuksesan Sisfo UBD Mobile Mahasiswa Menggunakan Model Human Organization Technology Net-Benefit ( HOT-FIT).,,http://repository.radenfatah.ac.id/23441/
20614,2022,,ANALISIS PENERIMAAN PENGGUNA SISTEM INFORMASI AKADEMIK STIQ AL-LATHIFIYYAH MENGGUNAKAN TASK TECHNOLOGY FIT.,,http://repository.radenfatah.ac.id/20614/
23310,2022,,Algoritma C4.5 dan Implementasinya.,,http://repository.radenfatah.ac.id/23310/
31137,2022,,ANALISIS USABILITY PADA APLIKASI SIMPEL STIE DWI SAKTI BATURAJA DENGAN MENGGUNAKAN METODE COGNITIVE WALKTROUGH.,,http://repository.radenfatah.ac.id/31137/
20756,2022,,SISTEM INFORMASI PELAYANAN ADMINISTRASI PADA KECAMATAN BUKIT KECIL PALEMBANG BERBASIS WEB.,,http://repository.radenfatah.ac.id/20756/
21844,2022,,ANALISIS KINERJA SISTEM INFORMASI AKADEMIK MENGGUNAKAN IT BALANCED SCORECARD (STUDI KASUS UNIVERSITAS TERBUKA PALEMBANG).,,http://repository.radenfatah.ac.id/21844/
22026,2022,,ANALISIS KUALITAS LAYANAN SISTEM INFORMASI PULSE WE DO BY PRUDENTIAL MENGGUNAKAN MODEL E-SERVQUAL.,,http://repository.radenfatah.ac.id/22026/
20994,2022,,PEMANFAATAN MODEL HUMAN ORGANIZATION TECHNOLOGY NET BENEFIT (HOT-FIT) UNTUK MENGEVALUASI PENERAPAN SIMRS DI RUMAH SAKIT PUSRI PALEMBANG.,,http://repository.radenfatah.ac.id/20994/
20536,2022,,PERENCANAAN STRATEGIS SISTEM INFORMASI DENGAN MENGGUNAKAN METODE WARD AND PEPPARD (STUDI KASUS : MTS AHLIYAH IV PALEMBANG).,,http://repository.radenfatah.ac.id/20536/
22395,2022,,Pengukuran Capability Level Menggunakan Framework COSO Pada PT Putera Raja Sejahtera.,,http://repository.radenfatah.ac.id/22395/
22098,2022,,PENGGUNAAN MODEL TASK TECHNOLOGY FIT PADA 9PAJAK ONLINE.,,http://repository.radenfatah.ac.id/22098/
23666,2022,,SISTEM INFORMASI PEMESANAN JASA PERCETAKAN PADA CV. PERCETAKAN DARMAN.,,http://repository.radenfatah.ac.id/23666/
21906,2022,,Sistem pendukung keputusan penerimaan calon guru menggunakan metode saw smp muhammadiyah 1 palembang.,,http://repository.radenfatah.ac.id/21906/
23858,2022,,Analisis Kualitas Sistem Informasi Akademik Menggunakan Webqual.,,http://repository.radenfatah.ac.id/23858/
23715,2022,,ANALISIS PENERIMAAN DAN PENGGUNAAN SISTEM COMPUTER BASED TEST (CBT) MENGGUNAKAN TECHNOLOGY ACCEPTANCE MODEL (TAM).,,http://repository.radenfatah.ac.id/23715/
22589,2022,,Evaluasi Program Broadband Learning Center (BLC) di Dinas Perpustakaan dan Kearsipan Kota Lubuklinggau.,,http://repository.radenfatah.ac.id/22589/
21786,2022,,SISTEM INFORMASI PENDAFTARAN SISWA BARU PADA SDN 05 RAMBANG KUANG.,,http://repository.radenfatah.ac.id/21786/
21079,2022,,PENERAPAN SISTEM INFORMASI AKADEMIK LEMBAGA KURSUS SYNAPSE ACADEMY.,,http://repository.radenfatah.ac.id/21079/
21013,2022,,PEMETAAN LOKASI PANTI ASUHAN KOTA PALEMBANG DENGAN FITUR PENDAFTARAN KEGIATAN SOSIAL BERBASIS WEB-GIS.,,http://repository.radenfatah.ac.id/21013/
20746,2022,,SISTEM INFORMASI MAHASISWA BERPRESTASI UNIVERSITAS ISLAM NEGERI RADEN FATAH PALEMBANG BERBASIS WEB.,,http://repository.radenfatah.ac.id/20746/
21086,2022,,ANALISIS KEPUASAN PENGGUNA SISTEM INFORMASI AKADEMIK MENGGUNAKAN END USER COMPUTING SATISFACTION (STUDI KASUS: UNIVERSITAS BINA DARMA PALEMBANG).,,http://repository.radenfatah.ac.id/21086/
22049,2022,,PREDIKSI JUMLAH PENDAFTAR NIKAH DI KUA ILIR BARAT 1 KOTA PALEMBANG DENGAN MENGGUNAKAN REGRESI LINEAR BERGANDA.,,http://repository.radenfatah.ac.id/22049/
21327,2022,,ANALISIS KUALITAS SIAKAD MENGUNAKAN MODEL MCCALL PADA STIA SATYA NEGARA PALEMBANG.,,http://repository.radenfatah.ac.id/21327/
22267,2022,,Sitem Sistem Informasi Penjualan pada Optik medika Palembang.,,http://repository.radenfatah.ac.id/22267/
25121,2022,,Prediksi Jumlah Produksi Minyak Sawit Mentah (Crude Palm Oil) Menggunakan Metode Regresi Linear Sederhana.,,http://repository.radenfatah.ac.id/25121/
20712,2022,,SISTEM PENDUKUNG KEPUTUSAN PEMILIHAN OBJEK WISATA DI KOTA PALEMBANG DENGAN MENGGUNAKAN METODE SIMPLE ADDITIVE WEIGHTING (SAW.,,http://repository.radenfatah.ac.id/20712/
28372,2022,,SISTEM PENDUKUNG KEPUTUSAN PENERIMAAN GURU MENGGUNAKAN METODE SIMPLE ADDITIVE WEIGHTING PADA SMK IT MUTIARA AZZAM PALEMBANG.,,http://repository.radenfatah.ac.id/28372/
24965,2022,,Analisis kualitas sistem informasi akademik menggunakan ISO/IEC 25010 (Studi kasus : STIK Bina Husada Palembang).,,http://repository.radenfatah.ac.id/24965/
23773,2022,,Penerapan Algoritma K-Nearest Neighbor untuk Menentukan Kelompok Uang Kuliah Tunggal Mahasiswa Baru UIN Raden Fatah Palembang.,,http://repository.radenfatah.ac.id/23773/
20612,2022,,ANALISIS PENGARUH KEPUASAN PENGGUNA SISTEM INFORMASI AKADEMIK UNIVERSITAS MUHAMMADIYAHPALEMBANG MENGGUNAKAN MODEL DELONE AND MCLEAN.,,http://repository.radenfatah.ac.id/20612/
19841,2022,,SALES INFORMATION SYSTEMS IN WEB BASED CAHAYA SUNNAH STORES USING THE RATIONAL UNIFIED PROCESS METHOD.,,http://repository.radenfatah.ac.id/19841/
22800,2022,,ANALISIS KUALITAS LAYANAN WEBSITE HOTEL SWARNA DWIPA PALEMBANG MENGGUNAKAN WEBQUAL 4.0 DAN IMPORTANCE PERFORMANCE ANALYSIS (IPA).,,http://repository.radenfatah.ac.id/22800/
20564,2022,,PENERAPAN E-COMMERCE PADA STARTUP STORE PALEMBANG.,,http://repository.radenfatah.ac.id/20564/
21011,2022,,PENERAPAN METODE RUP PADA SISTEM INFORMASI POINT OF SALE BERBASIS WEB di TOKO PELANGI SUNGAI LILIN.,,http://repository.radenfatah.ac.id/21011/
21831,2022,,Sistem Informasi Layanan Surat Keterangan Menggunakan Metode Rational Unified Process Pada Kantor Kepala Desa Ibul Besar III.,,http://repository.radenfatah.ac.id/21831/
21882,2022,,Sistem Informasi Persediaan dan Penjualan Obat Pada Apotik Asih Chen.,,http://repository.radenfatah.ac.id/21882/
24382,2022,,KLASIFIKASI PENERIMA BEASISWA UNTUK TINGKAT SMA MENGGUNAKAN ALGORITMA K-NEAREST NEIGHBOR.,,http://repository.radenfatah.ac.id/24382/
36286,2023,,ANALISIS USABILITY TESTING PADA APLIKASI RF MOBILE UIN RADEN FATAH PALEMBANG MENGGUNAKAN METODE PSSUQ (POST STUDY SYSTEM USABILITY QUESTIONAIRRE).,,http://repository.radenfatah.ac.id/36286/
34506,2023,,ANALISIS MANAJEMEN RISIKO PENGGUNAAN SISTEM INFORMASI PERPUSTAKAAN MENGGUNAKAN METODE OCTAVE ALLEGRO.,,http://repository.radenfatah.ac.id/34506/
37954,2023,,SISTEM INFORMASI INVENTARIS BARANG SEKOLAH PADA SDN 13 SUMBER MARGA TELANG.,,http://repository.radenfatah.ac.id/37954/
34648,2023,,ANALISIS KUALITAS LAYANAN PENERIMAAN MAHASISWA BARU UIN RADEN FATAH PALEMBANG MENGGUNAKAN METODE KANO.,,http://repository.radenfatah.ac.id/34648/
37945,2023,,SISTEM INFORMASI POINT OF SALES (POS) PENGELOLAAN DATA PENJUALAN IKAN BERBASIS ANDROID.,,http://repository.radenfatah.ac.id/37945/
26479,2023,,Klasifikasi Kelayakan Penerima Bantuan Program Keluarga Harapan (PKH) Menggunakan Naive Bayes Classifier.,,http://repository.radenfatah.ac.id/26479/
25056,2023,,ANALISIS TINGKAT KEPUASAN PENGGUNA TERHADAP SISTEM INFORMASI AKADEMIK MENGGUNAKAN METODE EUCS (STUDI KASUS: POLTEKES KEMENKES PALEMBANG).,,http://repository.radenfatah.ac.id/25056/
29940,2023,,Sistem Informasi Manajemen Skripsi dengan Metode The Incremental Commitment Spiral Model.,,http://repository.radenfatah.ac.id/29940/
38970,2023,,Pengukuran Kinerja TI Dengan Menggunakan Kerangka IT BSC Untuk Mendukung Program Kualitas Pendidikan dan Pengajaran UIN Raden Fatah Palembang.,,http://repository.radenfatah.ac.id/38970/
29804,2023,,SISTEM INFORMASI TRACER STUDY ALUMNI SEKOLAH MENENGAH KEJURUAN TEKNOLOGI INFORMASI &amp; BISNIS INDOSAINS PALEMBANG.,,http://repository.radenfatah.ac.id/29804/
36923,2023,,SISTEM INFORMASI MANAJEMEN KETERSEDIAN STOK DARAH PADA RUMAH SAKIT UMUM DAERAH SUNGAI LILIN.,,http://repository.radenfatah.ac.id/36923/
39551,2023,,PENGEMBANGAN STARTUP ISYARATIN MENGGUNAKAN PENDEKATAN LEAN STARTUP.,,http://repository.radenfatah.ac.id/39551/
31492,2023,,Sistem Informasi Penyewaan Alat Badan Usaha Milik Desa (BUMDes) Beruge Jaya pada Desa Beruge Darat Kabupaten Penukal Abab Lematang Ilir.,,http://repository.radenfatah.ac.id/31492/
27311,2023,,Sistem Pendukung Keputusan Pemilihan Bujang Gadis Menggunakan Metode MOORA di UIN Raden Fatah Palembang.,,http://repository.radenfatah.ac.id/27311/
24901,2023,,AUDIT TEKNOLOGI INFORMASI PADA BADAN PENGELOLAAN KEUANGAN DAN ASET DAERAH (BPKAD) SUMATERA SELATAN MENGGUNAKAN FRAMEWORK COMMITTEE OF SPONSORING ORGANIZATION OF THE TREADWAY COMMISSION (COSO).,,http://repository.radenfatah.ac.id/24901/
29626,2023,,ANALISIS KEPUASAN PENGGUNA SISTEM INFORMASI KEPEGAWAIAN MENGGUNAKAN MODEL END USER COMPUTING SATISFACTION (EUCS) (STUDI KASUS : PT PDAM TIRTA MUSI PALEMBANG).,,http://repository.radenfatah.ac.id/29626/
28980,2023,,E-KECAMATAN SEMATANG BORANG WEB BASED USING FRAMEWORK CODEIGNITER.,,http://repository.radenfatah.ac.id/28980/
33159,2023,,SISTEM INFORMASI KERJASAMA RADEN FATAH PALEMBANG (SIMASRAFA).,,http://repository.radenfatah.ac.id/33159/
33462,2023,,EVALUASI KUALITAS E-LEARNING UIN RADEN FATAH PALEMBANG MENGGUNAKAN ISO/IEC 9126-4.,,http://repository.radenfatah.ac.id/33462/
31871,2023,,PERAMALAN JUMLAH POLIS ASURANSI KENDARAAN MENGGUNAKAN METODE EXPONENTIAL SMOOTHING PADA PT JASARAHARJA PUTERA PALEMBANG.,,http://repository.radenfatah.ac.id/31871/
25414,2023,,Pemanfaatan Algoritma Apriori Untuk Mengetahui Pola Peminjaman Buku Di Perpustakaan Daerah Sumatera Selatan.,,http://repository.radenfatah.ac.id/25414/
31101,2023,,¬SISTEM INFORMASI ARSIP SURAT BERBASIS WEB MENGGUNAKAN METODE WATERFALL PADA SMP NEGERI 36 PALEMBANG.,,http://repository.radenfatah.ac.id/31101/
36794,2023,,Manajemen Risiko Aset Teknologi Informasi Menggunakan NIST SP 800-30 Di Diskominfo Provinsi Sumatera Selatan.,,http://repository.radenfatah.ac.id/36794/
27425,2023,,AUDIT LAYANAN PUSAT TERPADU SATU PINTU (PTSP) DI MADRASAH ALIYAH NEGERI 3 PALEMBANG MENGGUNAKAN FRAMEWORK ITIL V3.,,http://repository.radenfatah.ac.id/27425/
25112,2023,,SISTEM INFORMASI PENERIMAAN PESERTA DIDIK BARU PADA SMK MUHAMMADIYAH 1 PALEMBANG.,,http://repository.radenfatah.ac.id/25112/
31484,2023,,IMPLEMENTASI ALGORITMA K-MEANS UNTUK SEGMENTASI PELANGGAN PADA PT BINTANG MULTI SARANA CABANG TUGUMULYO.,,http://repository.radenfatah.ac.id/31484/
33401,2023,,ANALISIS KUALITAS LAYANAN SISTEM INFORMASI MANAJEMEN SUMBER DAYA MANUSIA (SIM-SDM) BKKBN PROVINSI SUMATERA SELATAN DENGAN MENGGUNAKAN METODE IMPORTANCE PERFORMANCE ANALYSIS (IPA).,,http://repository.radenfatah.ac.id/33401/
31116,2023,,IMPLEMENTASI ALGORITMA APRIORI DAN ECLAT (EQUIVALENCE CLASS TRANSFORMATION) PADA DATA TRANSAKSI PENJUALAN).,,http://repository.radenfatah.ac.id/31116/
30659,2023,,SISTEM INFORMASI BANK SAMPAH MENGGUNAKAN METODE RAD DAN FRAMEWORK LARAVEL.,,http://repository.radenfatah.ac.id/30659/
26995,2023,,SISTEM INFORMASI PEMESANAN WEDDING ORGANIZER BERBASIS WEB PADA SALON BUNDA FITRY.,,http://repository.radenfatah.ac.id/26995/
35311,2023,,PENGEMBANGAN SISTEM INFORMASI TATA PERSURATAN (E-OFFICE) UIN RADEN FATAH PALEMBANG.,,http://repository.radenfatah.ac.id/35311/
38346,2023,,Analisis Kesuksesan Sistem Informasi Administrasi Kependudukan Kabupaten Pali dengan Menggunakan Model Kesuksesan Delone and McLean.,,http://repository.radenfatah.ac.id/38346/
31731,2023,,SISTEM INFORMASI TRACER STUDY ALUMNI SMK NEGERI 2 PALEMBANG.,,http://repository.radenfatah.ac.id/31731/
34514,2023,,Analisis Kualitas E-Office pada dinas perikanan pemerintahan musi banyuasin Menggunakan WebQual 4.0.,,http://repository.radenfatah.ac.id/34514/
30380,2023,,ANALISIS MANAJEMEN RISIKO SISTEM INFORMASI DISTRIBUSI MENGGUNAKAN FMEA (FAILURE MODE AND EFFECTS ANALYSIS).,,http://repository.radenfatah.ac.id/30380/
29501,2023,,Analisis Tingkat Kepuasan Pengguna Aplikasi M-BMT AL-ITTIFAQIAH Indralaya Menggunakan Model End User Computing Satisfaction.,,http://repository.radenfatah.ac.id/29501/
24809,2023,,Penilaian Risiko Penggunaan Sistem Informasi Akademik Pada STIQ Al-Lathifiyyah Palembang Dengan Metode Octave Allegro.,,http://repository.radenfatah.ac.id/24809/
34490,2023,,EVALUASI DAN ANALISIS KEPUASAN PENGGUNA SISTEM INFORMASI AKADEMIK UNIVERSITAS BATURAJA MENGGUNAKAN MODEL EUCS.,,http://repository.radenfatah.ac.id/34490/
31512,2023,,Analisis Penerimaan Aplikasi Perpus Digital Kabupaten Banyuasin Menggunakan Teknology Acceptacen Model.,,http://repository.radenfatah.ac.id/31512/
30382,2023,,PEMANFAATAN FRAMEWORK NIST SP 800-30 UNTUK MANAJEMEN RISIKO PADA APLIKASI INLISLITE DI PERPUSTAKAAN DAERAH SUMATERA SELATAN.,,http://repository.radenfatah.ac.id/30382/
31799,2023,,Sistem Informasi Monitoring Ecogreen Campus Menggunakan Metode Rapid Application Development (RAD).,,http://repository.radenfatah.ac.id/31799/
27967,2023,,Pengembangan Sistem Informasi Manajemen Aset (SIMAS) Berbasis Web di Universitas Muhammadiyah Palembang.,,http://repository.radenfatah.ac.id/27967/
36285,2023,,SISTEM INFORMASI MONITORING SISWA PADA SMK UTAMA BAKTI PALEMBANG MENGGUNAKAN METODE PROTOTYPE.,,http://repository.radenfatah.ac.id/36285/
24911,2023,,Analisis Kepuasan Pengguna Sistem Informasi Manajemen Daerah (SIMDA) Menggunakan Metode Kano dan Eucs di BPKAD Provinsi Sumatera Selatan.,,http://repository.radenfatah.ac.id/24911/
27241,2023,,Implementasi Algoritma FP-Growth Untuk Menentukan Pola Pembelian Konsumen Pada Data Transaksi Penjualan PT Ligno Specialty Chemicals.,,http://repository.radenfatah.ac.id/27241/
33412,2023,,Usability Testing Pada Tracer Study Universitas Islam Negeri Raden Fatah Menggunakan Metode System Usability Scale.,,http://repository.radenfatah.ac.id/33412/
32025,2023,,Analisis Kesiapan dan Penerimaan E-Lapkin Pada PNS Badan Kepegawaian dan Pengembangan SDM Kota Palembang Menggunakan Technology Readiness And Acceptance Model (TRAM).,,http://repository.radenfatah.ac.id/32025/
34031,2023,,Analisis kualitas Layanan Aplikasi Grab Driver Di Kota Palembang Menggunakan Metode Servqual.,,http://repository.radenfatah.ac.id/34031/
38343,2024,,SISTEM INFORMASI GEOGRAFIS PEMETAAN MANGROVE (STUDI KASUS : BADAN RESTORASI GAMBUT DAN MANGROVE KEC. TULUNG SELAPAN – OKI).,,http://repository.radenfatah.ac.id/38343/
40632,2024,,IMPLEMENTASI FRAMEWORK CODEIGNITER DALAM MEMBANGUN SISTEM INFORMASI PERPUSTAKAAN.,,http://repository.radenfatah.ac.id/40632/
40668,2024,,SISTEM INFORMASI DOSEN PENGAMPU MATA KULIAH (SIDOKU) MENGGUNAKAN METODE EXTREME PROGRAMMING.,,http://repository.radenfatah.ac.id/40668/
45262,2024,,PERENCANAAN STRATEGIS SISTEM INFORMASI SMAN SUMATERA SELATAN MENGGUNAKAN METODE ANITA CASSDY.,,http://repository.radenfatah.ac.id/45262/
45405,2024,,ANALISIS USABILITY PORTAL WEB DISKOMINFO KOTA PRABUMULIH MENGGUNAKAN NIELSEN MODEL.,,http://repository.radenfatah.ac.id/45405/
41610,2024,,SISTEM INFORMASI SEWA ASET DAN FASILITAS (SIWAFA) UIN RADEN FATAH PALEMBANG MENGGUNAKAN METODE RAPID APPLICATION DEVELOPMENT.,,http://repository.radenfatah.ac.id/41610/
49822,2024,,ANALISIS KESUKSESAN SISTEM INFORMASI AKADEMIK MENGGUNAKAN HUMAN ORGANIZATION TECHNOLOGY FIT MODEL PADA STIA SATYA NEGARA PALEMBANG.,,http://repository.radenfatah.ac.id/49822/
43216,2024,,ANALISIS KEPUASAN PENGGUNA TERHADAP APLIKASI KEJAKSAAN MOBILE MENGGUNAKAN METODE END USER COMPUTING SATISFACTION (EUCS) PADA KEJAKSAAN TINGGI SUMATERA SELATAN.,,http://repository.radenfatah.ac.id/43216/
45015,2024,,ANALISIS KEPUASAN TERHADAP KEMUDAHAN PENGGUNAAN APLIKASI BSB MOBILE BANKING DENGAN MODEL UNIFIED THEORY OF ACCEPTANCE AND USE OF TECHNOLOGY (UTAUT) PADA UIN RADEN FATAH PALEMBANG.,,http://repository.radenfatah.ac.id/45015/
43084,2024,,SISTEM INFORMASI MANAJEMEN LEMBAGA PENDAMPING PROSES PRODUK HALAL (LP3H) UIN RADEN FATAH PALEMBANG.,,http://repository.radenfatah.ac.id/43084/
48304,2024,,ANALISIS KESUKSESAN IMPLEMENTASI SISTEM INFORMASI MANAJEMEN KARYAWAN MENGGUNAKAN HOT-FIT MODEL PADA PT BAHANA BUMI MANDIRI.,,http://repository.radenfatah.ac.id/48304/
43059,2024,,ANALISIS KEPUASAN PENGGUNA E-OFFICE MENGGUNAKAN MODEL END USER COMPUTING SATISFACTION (EUCS) PADA UNIVERSITAS ISLAM NEGERI RADEN FATAH PALEMBANG.,,http://repository.radenfatah.ac.id/43059/
43252,2024,,PENERAPAN METODE OCTAVE ALLEGRO UNTUK PENILAIAN RISIKO KEAMANAN INFORMASI PADA INTEGRATED LIBRARY SYSTEM (INLISLITE).,,http://repository.radenfatah.ac.id/43252/
40294,2024,,PENERAPAN END USER COMPUTING SATISFACTION (EUCS) TERHADAP KEPUASAN PENGGUNA APLIKASI E- COKLIT KOTA PALEMBANG.,,http://repository.radenfatah.ac.id/40294/
36703,2024,,ANALISIS KUALITAS APLIKASI PEMERINTAH DAERAH DENGAN MENGGUNAKAN E-GOVQUAL (STUDI KASUS : APLIKASI E-DEMPO SAMSAT ONLINE ).,,http://repository.radenfatah.ac.id/36703/
42459,2024,,CONTENT BASED FILTERING UNTUK REKOMENDASI DOSEN PEMBIMBING SKRIPSI MENGGUNAKAN METRIK COSINE SIMILARITY.,,http://repository.radenfatah.ac.id/42459/
45488,2024,,ANALISIS KEBERHASILAN SLIMS (SENAYAN LIBRARY MANAGEMENT SYSTEM) MENGGUNAKAN HOT FIT MODEL.,,http://repository.radenfatah.ac.id/45488/
41612,2024,,SISTEM INFORMASI E-LEGALISIR PADA UIN RADEN FATAH PALEMBANG DENGAN MENGGUNAKAN METODE RAPID APPLICATION DEVELOPMENT.,,http://repository.radenfatah.ac.id/41612/
41627,2024,,SISTEM INFORMASI E-LEGALISIR PADA UIN RADEN FATAH PALEMBANG DENGAN MENGGUNAKAN METODE RAPID APPLICATION DEVELOPMENT.,,http://repository.radenfatah.ac.id/41627/
43847,2024,,ANALISIS KUALITAS WEBSITE SEKOLAH ISLAM TERPADU HARAPAN MULIA PALEMBANG MENGGUNAKAN METODE WEBQUAL 4.0.,,http://repository.radenfatah.ac.id/43847/
43579,2024,,ANALISIS KUALITAS WEBSITE SEKOLAH ISLAM TERPADU HARAPAN MULIA PALEMBANG MENGGUNAKAN METODE WEBQUAL 4.0.,,http://repository.radenfatah.ac.id/43579/
41808,2024,,Analisis Strategis Sistem Informasi Dan Komputerisasi Haji Terpadu (SISKOHAT) Kota Prabumulih Menggunakan SWOT.,,http://repository.radenfatah.ac.id/41808/
43676,2024,,Penerapan Algoritma C4.5 Untuk Klasifikasi Predikat Kelulusan Mahasiswa UIN Raden Fatah Palembang.,,http://repository.radenfatah.ac.id/43676/
49680,2024,,SISTEM INFORMASI PELAYANAN MASYARAKAT PADA DINAS SOSIAL KABUPATEN OKU MENGGUNAKAN METODE RAD.,,http://repository.radenfatah.ac.id/49680/
40404,2024,,PENGARUH PENAMBAHAN TEPUNG TULANG SOTONG (Cuttelfishs bone) DALAM RANSUM TERHADAP PERTUMBUHAN AYAM KUB (KAMPUNG UNGGUL BALITNAK).,,http://repository.radenfatah.ac.id/40404/
42975,2024,,SISTEM INFORMASI KOS-KOSAN DI KOTA PALEMBANG BERBASIS ANDROID MENGGUNAKAN METODE EXTREME PROGRAMMING.,,http://repository.radenfatah.ac.id/42975/
38598,2024,,ANALISIS PENERIMAAN SISTEM INFORMASI LAYANAN AKADEMIK (SILAYAK) UIN RADEN FATAH PALEMBANG MENGGUNAKAN MODEL UNIFIED THEORY OF ACCEPTANCE AND USE OF TECHNOLOGY.,,http://repository.radenfatah.ac.id/38598/
51761,2024,,SISTEM INFORMASI ADMINISTRASI PENJEMPUTAN DAN PENGANTARAN PAKET PADA CV. BERKAH ABADI EXPRESS.,,http://repository.radenfatah.ac.id/51761/
43104,2024,,SISTEM INFORMASI MANAJEMEN LABORATORIUM PADA DINAS ENERGI DAN SUMBER DAYA MINERAL PROVINSI SUMATERA SELATAN.,,http://repository.radenfatah.ac.id/43104/
36719,2024,,ANALISIS KUALITAS LAYANAN APLIKASI SELUANG MENGGUNAKAN METODE ES-QUAL PADA PUSKESMAS NGULAK KABUPATEN MUSI BANYUASIN.,,http://repository.radenfatah.ac.id/36719/
46885,2024,,IMPLEMENTASI METODE EXTREME PROGRAMMING DALAM MEMBANGUN SISTEM INFORMASI CUSTOMER RELATIONSHIP MANAGEMENT PADA PT AFIFAH PRIMA INDAH.,,http://repository.radenfatah.ac.id/46885/
38608,2024,,SISTEM PENDUKUNG KEPUTUSAN PEMILIHAN KAMPUNG KB MENGGUNAKAN METODE TOPSIS.,,http://repository.radenfatah.ac.id/38608/
41522,2024,,ANALISIS KUALITAS WEBSITE STITMHPALI TERHADAP KEPUASAN PENGGUNA MENGGUNAKAN MODEL WEBQUAL 4.0 DAN IMPORTANCE PERFORMANCE ANALISYS (IPA).,,http://repository.radenfatah.ac.id/41522/
44693,2024,,PENERAPAN MODEL HOT-FIT DALAM MENGANALISIS APLIKASI PIESA SMA MUHAMMADIYAH 6 PALEMBANG.,,http://repository.radenfatah.ac.id/44693/
44561,2024,,ANALISIS PENILAIAN RISIKO PENGGUNAAN SISTEM INFORMASI LAYANAN AKADEMIK MENGGUNAKAN METODE OCTAVE ALLEGRO.,,http://repository.radenfatah.ac.id/44561/
44318,2024,,Peggunaan Algoritma FP-Growth Untuk Analisis Pola Pembelian Obat Pada Apotek Sekojo Farma Kota Palembang.,,http://repository.radenfatah.ac.id/44318/
43440,2024,,SISTEM PENDUKUNG KEPUTUSAN MENENTUKAN SISWA BERPRESTASI PADA SMK NEGERI 5 PALEMBANG DENGAN MENERAPKAN METODE SMART.,,http://repository.radenfatah.ac.id/43440/
46829,2024,,SISTEM PENDUKUNG KEPUTUSAN PEMBERIAN BONUS GAJI UNTUK GURU DENGAN METODE PREFERENCE SELECTION INDEX PADA SMA ETHIKA PALEMBANG.,,http://repository.radenfatah.ac.id/46829/
47339,2024,,SISTEM INFORMASI SPP-PAYMENT PADA MA BABUSSALAM PAYARAMAN MENGGUNAKAN RAPID APLICATION DEVELOPMENT (RAD).,,http://repository.radenfatah.ac.id/47339/
42873,2024,,Analisis Faktor-Faktor Yang Mempengaruhi Niat Continuitas Pengguna Aplikasi Maxim Menggunakan Expectation Confirmation Model (ECM) Di Kota Kayu Agung.,,http://repository.radenfatah.ac.id/42873/
45314,2024,,ANALISIS KEAMANAN SISTEM INFORMASI AKADEMIK MENGGUNAKAN FRAMEWORK WEB SECURITY TESTING GUIDE (WSTG) v4.2 PADA UNIVERSITAS ISLAM NEGERI RADEN FATAH PALEMBANG.,,http://repository.radenfatah.ac.id/45314/
39584,2024,,Sistem Informasi Pelayanan Publik Pada Kecamatan Menggunakan Metode Extreme Programming.,,http://repository.radenfatah.ac.id/39584/
49897,2024,,Sistem Pendukung Keputusan Pemilihan Gedung Serbaguna di Kota Palembang Menggunakan Metode Weighted Product.,,http://repository.radenfatah.ac.id/49897/
43086,2024,,Analisis Sentimen Ulasan Aplikasi Pegadaian Syariah Digital Menggunakan Algoritma Naïve Bayes.,,http://repository.radenfatah.ac.id/43086/
43965,2024,,ANALISIS IT BALANCED SCORECARD UNTUK PENGUKURAN KINERJA TEKNOLOGI INFORMASI PADA DINAS PERPUSTAKAAN DAN KEARSIPAN KOTA PALEMBANG.,,http://repository.radenfatah.ac.id/43965/
37952,2024,,ANALISIS PENERIMAAN APLIKASI SIDEMANG MOBILE MENGGUNAKAN MODEL UTAUT.,,http://repository.radenfatah.ac.id/37952/
43156,2024,,PERENCANAAN STRATEGIS SISTEM INFORMASI DI TV SUMSEL (PT. TIVI INDONESIA INTER MEDIANET PALEMBANG) DENGAN PENDEKATAN WARD AND PEPPARD.,,http://repository.radenfatah.ac.id/43156/
41459,2024,,Analisis Kesiapan Implementasi Knowledge Management Menggunakan APO KM Assessment Tool.,,http://repository.radenfatah.ac.id/41459/
51735,2024,,ANALISIS KEPUASAN PENGGUNA SIMPEG KLHK PADA BPDAS MUSI MENGGUNAKAN METODE END USER COMPUTING SATISFACTION (EUCS).,,http://repository.radenfatah.ac.id/51735/
43211,2024,,ANALISIS KEPUASAN PENGGUNA SISTEM INFORMASI AKADEMIK UNIVERSITAS NURUL HUDA OKU TIMUR MENGGUNAKAN MODEL END USER COMPUTING SATISFACTION (EUCS).,,http://repository.radenfatah.ac.id/43211/
39192,2024,,Karakterisasi Kompos Dari Serasah Daun Trembesi (Samanea Saman jacq Merr) Dan Kotoran Sapi Dengan Bioaktivator EM4.,,http://repository.radenfatah.ac.id/39192/
50226,2025,,SISTEM INFORMASI MONITORING PEMINJAMAN DAN PENGEMBALIAN ARSIP PERTANAHAN MENGGUNAKAN METODE RAPID APPLICATION DEVELOPMENT (RAD).,,http://repository.radenfatah.ac.id/50226/
52383,2025,,PENERAPAN FRAMEWORK LARAVEL DAN METODE EXTREME PROGRAMMING DALAM MEMBANGUN SISTEM INFORMASI ONLINE COURSE.,,http://repository.radenfatah.ac.id/52383/
47923,2025,,ANALISIS SENTIMEN TERHADAP ULASAN PENGGUNA APLIKASI BRILink MENGGUNAKAN ALGORITMA RANDOM FOREST.,,http://repository.radenfatah.ac.id/47923/
52451,2025,,SISTEM INFORMASI E-ARSIP PADA MADRASAH ALIYAH PONDOK PESANTREN QODRATULLAH MENGGUNAKAN METODE V-MODEL.,,http://repository.radenfatah.ac.id/52451/
49282,2025,,PREDIKSI TINGKAT INFLASI PROVINSI SUMATERA SELATAN MENGGUNAKAN NEURAL NETWORK.,,http://repository.radenfatah.ac.id/49282/
52982,2025,,PENERAPAN METODE RAPID APPLICATION DEVELOPMENT (RAD) UNTUK SISTEM INFORMASI E-CUTI PADA DINAS PENDIDIKAN PROVINSI SUMATERA SELATAN.,,http://repository.radenfatah.ac.id/52982/
47410,2025,,Prediksi Penjualan Oli Pertamina Pada PT Presol Indo Prima Menggunakan K Nearest Neighbor.,,http://repository.radenfatah.ac.id/47410/
46642,2025,,ANALISIS KUALITAS SISTEM INFORMASI E-RAPORT PADA SMAN 1 PANGKALAN LAMPAM MENGGUNAKAN MODEL WEBQUAL.,,http://repository.radenfatah.ac.id/46642/
50242,2025,,SISTEM INFORMASI MANAJEMEN KEUANGAN MENGGUNAKAN ZACHMAN FRAMEWORK DI PESANTREN IBADURRAHMAN MUARA ENIM.,,http://repository.radenfatah.ac.id/50242/
51510,2025,,Penerapan Algoritma C4.5 Untuk Mengetahui Faktor yang Paling Berpengaruh Terhadap Indeks Pembangunan Manusia (IPM) di Sumatera Selatan.,,http://repository.radenfatah.ac.id/51510/
45537,2025,,SISTEM INFORMASI MANAJEMEN KEPEGAWAIAN PADA LEMBAGA PENDIDIKAN TERPADU NURUL ILMI BANYUASIN MENGGUNAKAN METODE EXTREME PROGRAMMING.,,http://repository.radenfatah.ac.id/45537/
59136,2025,,ANALISIS KESUKSESAN SISTEM INFORMASI AKADEMIK UNIVERSITAS PALEMBANG MENGGUNAKAN ENHANCED INFORMATION SYSTEM SUCCESS MODEL.,,http://repository.radenfatah.ac.id/59136/
49287,2025,,ANALISIS PENERIMAAN APLIKASI SAMSAT DIGITAL NASIONAL DENGAN MENGGUNAKAN MOBILE TECHNOLOGY ACCEPTANCE MODEL.,,http://repository.radenfatah.ac.id/49287/
56401,2025,,SISTEM INFORMASI MANAJEMEN SARPRAS DAN TATA USAHA PADA SMA BINA WARGA 2 PALEMBANG DENGAN METODE EXTREME PROGRAMMING.,,http://repository.radenfatah.ac.id/56401/
51377,2025,,Penentuan Klasifikasi Lokasi Penjualan Strategis Umkm di Kota Palembang menggunakan Algoritma Random Forest.,,http://repository.radenfatah.ac.id/51377/
48743,2025,,ANALISIS SENTIMEN APLIKASI LIVIN BY MANDIRI PADA ULASAN PENGGUNA DI GOOGLE PLAYSTORE MENGGUNAKAN ALGORITMA NAÏVE BAIYES.,,http://repository.radenfatah.ac.id/48743/
48046,2025,,Pengukuran Usability E-Arsip Srikandi Kemenag Kota Palembang Dengan Post-Study Usability Questionnaire (PSSUQ).,,http://repository.radenfatah.ac.id/48046/
55622,2025,,SISTEM INFORMASI PENERIMAAN SANTRI BARU PONDOK PESANTREN DARUL MUTTAQIEN MENGGUNAKAN METODE RAPID APPLICATION DEVELOPMENT.,,http://repository.radenfatah.ac.id/55622/
52007,2025,,SISTEM INFORMASI BURSA KERJA KHUSUS (BKK) PADA SMK NEGERI 1 TANJUNG LUBUK MENGGUNAKAN METODE EXTREME PROGRAMMING.,,http://repository.radenfatah.ac.id/52007/
46802,2025,,ANALISIS KEPUASAN PENGGUNA WEBSITE LAYANAN ASPIRASI DAN PENGADUAN ONLINE RAKYAT (LAPOR) PADA DINAS KOMUNIKASI DAN INFORMATIKA KOTA PALEMBANG MENGGUNAKAN METODE FUZZY SERVQUAL.,,http://repository.radenfatah.ac.id/46802/
49320,2025,,SISTEM INFORMASI PELAYANAN MD.VET LUBUKLINGGAU MENGGUNAKAN METODE EXTREME PROGRAMMING.,,http://repository.radenfatah.ac.id/49320/
49722,2025,,ANALISIS KEPUASAN PENGGUNA SILAYAK UIN RADEN FATAH PALEMBANG MENGGUNAKAN MODEL END USER COMPUTING SATISFACTION.,,http://repository.radenfatah.ac.id/49722/
57942,2025,,Pengembangan Sistem Informasi Kepegawaian Pada Dinas Komunikasi dan Informatika Kota Palembang Menggunakan Metode Extreme Programming (XP).,,http://repository.radenfatah.ac.id/57942/
52960,2025,,SISTEM INFORMASI PELAYANAN PUBLIK DI KELURAHAN 11 ILIR KOTA PALEMBANG MENGGUNAKAN METODE EXTREME PROGRAMMING.,,http://repository.radenfatah.ac.id/52960/
56103,2025,,SISTEM PREDIKSI KELULUSAN SISWA SEKOLAH OLAHRAGA NEGERI SRIWIJAYA (SONS) DALAM MENGIKUTI SELEKSI ATLET MENGGUNAKAN SUPPORT VECTOR MACHINE.,,http://repository.radenfatah.ac.id/56103/
48969,2025,,ANALISIS KESUKSESAN SENAYAN LIBRARY MANAGEMENT SYSTEM (SLIMS) DI PERPUSTAKAAN SMA NEGERI SUMATERA SELATAN MENGGUNAKAN MODEL DELONE &amp; MCLEAN.,,http://repository.radenfatah.ac.id/48969/
46459,2025,,SISTEM INFORMASI PRAKTIK KERJA LAPANGAN (PKL) SMK NEGERI 1 TOBOALI MENGGUNAKAN METODE EXTREME PROGRAMMING.,,http://repository.radenfatah.ac.id/46459/
48772,2025,,SISTEM INFORMASI E-VOLUNTEER PADA SATU AMAL INDONESIA MENGGUNAKAN METODE RAPID APPLICATION DEVELOPMENT.,,http://repository.radenfatah.ac.id/48772/
49724,2025,,ANALISIS USER EXPERIENCE APLIKASI RF MOBILE TERHADAP MAHASISWA UIN RADEN FATAH PALEMBANG MENGGUNAKAN USER EXPERIENCE QUESTIONNAIRE (UEQ).,,http://repository.radenfatah.ac.id/49724/
46579,2025,,IMPLEMENTASI SISTEM INFORMASI MANAJEMEN PERSEDIAAN BAHAN BAKU DENGAN METODE EXTREME PROGRAMMING PADA PT. ASIALOG PALEMBANG.,,http://repository.radenfatah.ac.id/46579/
57684,2025,,PENERAPAN METODE HEURISTIC EVALUATION PADA SISTEM INFORMASI AKADEMIK (SIMAK) DI UNIVERSITAS MAHAKARYA ASIA BATURAJA.,,http://repository.radenfatah.ac.id/57684/
46246,2025,,PENDEKATAN TECHNOLOGY THREAT AVOIDANCE THEORY TERHADAP PERILAKU KESADARAN PRIVASI DATA PENGGUNA SIMAK.,,http://repository.radenfatah.ac.id/46246/
47425,2025,,PENERAPAN METODE EXTREME PROGRAMMING PADA SISTEM E-SKRIPSI STEI AL-FURQON PRABUMULIH.,,http://repository.radenfatah.ac.id/47425/
46123,2025,,ANALISIS KEPUASAN PENGGUNA SISTEM INFORMASI AKADEMIK IAIQI AL-ITTIFAQIAH INDRALAYA MENGGUNAKAN MODEL E-SERVQUAL.,,http://repository.radenfatah.ac.id/46123/
53094,2025,,PENGUKURAN KESADARAN KEAMANAN INFORMASI MAHASISWA AKTIF PENGGUNA SIMAK MENGGUNAKAN HUMAN ASPECTS OF INFORMATION SECURITY QUESTIONNAIRE.,,http://repository.radenfatah.ac.id/53094/
51520,2025,,SISTEM INFORMASI KEUANGAN PENGELOLAAN TRANSAKSI DAN LAPORAN KEUANGAN PADA TEMPE LINTANG MENGGUNAKAN METODE PROTOTYPING.,,http://repository.radenfatah.ac.id/51520/
51718,2025,,ANALISIS KUALITAS WEBSITE PALEMBANG.GO.ID MENGGUNAKAN WEBQUAL 4.0.,,http://repository.radenfatah.ac.id/51718/
48296,2025,,ANALISIS KEAMANAN INFORMASI PADA POLITEKNIK TRANSPORTASI SUNGAI DANAU DAN PENYEBERANGAN (SDP) PALEMBANG MENGGUNAKAN INDEKS KEAMANAN INFORMASI (KAMI).,,http://repository.radenfatah.ac.id/48296/
52885,2025,,PEMANFAATAN FRAMEWORK ANITA CASSIDY DALAM PERENCANAAN STRATEGI SISTEM INFORMASI PADA STIQ AL-LATHIFIYYAH.,,http://repository.radenfatah.ac.id/52885/
59354,2025,,SISTEM INFORMASI ADMINISTRASI UNTUK OPTIMALISASI PENGELOLAAN SURAT di PT MAKMUR SEJAHTERA WISESA DENGAN METODE EXTREME PROGRAMING.,,http://repository.radenfatah.ac.id/59354/
54351,2025,,ANALISIS KESUKSESAN EDUCATION MANAGEMENT INFORMATION SYSTEM (EMIS) DALAM PENGELOLAAN DATA PENDIDIKAN DI KOTA PALEMBANG MENGGUNAKAN HOT-FIT MODEL.,,http://repository.radenfatah.ac.id/54351/
47960,2025,,ANALISIS USER EXPERIENCE WEBSITE SILAYAK UIN RADEN FATAH PALEMBANG MENGGUNAKAN USER EXPERIENCE QUESTIONNAIRE (UEQ).,,http://repository.radenfatah.ac.id/47960/
48254,2025,,Analisis User Experience Website Silayak Uin Raden Fatah Palembang Menggunakan User Experience Questionnaire (UEQ).,,http://repository.radenfatah.ac.id/48254/
48083,2025,,Sistem Informasi Perpustakaan Di MA Babussalam Payaraman Menggunakan Metode Rapid Application Development.,,http://repository.radenfatah.ac.id/48083/
55821,2025,,PENGUKURAN KESADARAN KEAMANAN INFORMASI DI UNIVERSITAS MUHAMMADIYAH PALEMBANG MENGGUNAKAN HAIS-Q.,,http://repository.radenfatah.ac.id/55821/
49698,2025,,ANALISIS KEPUASAN PENGGUNA APLIKASI E-DOSEN UIN RADEN FATAH PALEMBANG MENGGUNAKAN MODEL END-USER COMPUTING SATISFACTION (EUCS).,,http://repository.radenfatah.ac.id/49698/
49710,2025,,ANALISIS KEPUASAN PENGGUNA APLIKASI E-DOSEN UIN RADEN FATAH PALEMBANG MENGGUNAKAN MODEL END-USER COMPUTING SATISFACTION (EUCS).,,http://repository.radenfatah.ac.id/49710/
53961,2025,,Analisis Pengalaman Pengguna Website Lakonmandira.kaboki.go.id Menggunakan Metode User Experience Questionnaire.,,http://repository.radenfatah.ac.id/53961/
16227,2025,,SISTEM PENDUKUNG KEPUTUSAN PENGAJUAN KELAYAKAN KREDIT BERBASIS WEB PADA WOM FINANCE PALEMBANG MENGGUNAKAN METODE TOPSIS (Technique For Others Reference by Similarity to Ideal Solution).,,http://repository.radenfatah.ac.id/16227/
46753,2025,,SISTEM INFORMASI PUPUK SUBSIDI MENGGUNAKAN METODE EXTREME PROGRAMMING PADA CV BINTANG AGRO SEMENDE.,,http://repository.radenfatah.ac.id/46753/
47929,2025,,SISTEM INFORMASI MANAJEMEN ATLET KONI KABUPATEN OGAN KOMERING ULU MENGGUNAKAN METODE EXTREME PROGRAMMING.,,http://repository.radenfatah.ac.id/47929/
46850,2025,,PERBANDINGAN ALGORITMA SUPPORT VECTOR MACHINE DAN NAÏVE BAYES DALAM MENGANALISIS SENTIMEN PENGGUNA APLIKASI HAJI PINTAR.,,http://repository.radenfatah.ac.id/46850/
47636,2025,,IMPLEMENTASI REGRESI LINEAR UNTUK MEMPREDIKSI PENJUALAN SUKU CADANG PADA DEALER MOBIL DI PALEMBANG.,,http://repository.radenfatah.ac.id/47636/
50244,2025,,SISTEM INFORMASI PERPUSTKAAN MELALUI PENERAPAN METODE EXTREME PROGRAMMING PADA SMA NEGERI 1 BETUNG.,,http://repository.radenfatah.ac.id/50244/
48799,2025,,PENERAPAN K-MEANS CLUSTERING DALAM MENENTUKAN KLUSTER TOKO INDOMARET DI KOTA PALEMBANG.,,http://repository.radenfatah.ac.id/48799/
49716,2025,,USABILITY TESTING pada APLIKASI SDG's (SUSTAINABLE DEVELOPMENT GOAL's) DESA di KABUPATEN BANYUASIN MENGGUNAKAN METODE SYSTEM USABILITY SCALE (SUS).,,http://repository.radenfatah.ac.id/49716/
46588,2025,,SISTEM INFORMASI PELAYANAN KLIEN MENGGUNAKAN RUP (RATIONAL UNIFIED PROCESS) DI PUSAT REHABILITASI NARKOBA AR RAHMAN.,,http://repository.radenfatah.ac.id/46588/
49153,2025,,SISTEM PENDUKUNG KEPUTUSAN SELEKSI PELATIHAN INTERNSHIP DENGAN METODE PROFILE MATCHING PADA PT. PERTAMINA.,,http://repository.radenfatah.ac.id/49153/
57004,2025,,ANALISIS TINGKAT KEPUASAN PENGGUNA SISTEM INFORMASI ALUMNI MENGGUNAKAN METODE END USER COMPUTING SATISFACTION (EUCS) DI UNIVERSITAS TRIDINANTI PALEMBANG.,,http://repository.radenfatah.ac.id/57004/
48056,2025,,ANALISIS KUALITAS LAYANAN SISTEM INFORMASI AKADEMIK (SIAKAD) SEKOLAH TINGGI ILMU KESEHATAN SITI KHODIJAH PALEMBANG MENGGUNAKAN MODEL E-S-QUAL.,,http://repository.radenfatah.ac.id/48056/
47396,2025,,Sistem Rekomendasi Paket Menu Makanan dan Minuman Menggunakan Algoritma Fp-Growth.,,http://repository.radenfatah.ac.id/47396/
55672,2025,,ANALISIS SENTIMEN DAN PEMODELAN TOPIK ULASAN PENGGUNA APLIKASI MOBILE JKN MENGGUNAKAN INDOBERT DAN LDA.,,http://repository.radenfatah.ac.id/55672/
59084,2025,,ANALISIS USABILITY APLIKASI E-DOSEN UIN RADEN FATAH PALEMBANG DENGAN MENGGUNAKAN METODE SYSTEM USABILITY SCALE (SUS).,,http://repository.radenfatah.ac.id/59084/
57739,2025,,ANALISIS KUALITAS LAYANAN E-KINERJA DI BKPSDM MUSI BANYUASIN MENGGUNAKAN E-S-QUAL DAN IMPORTANCE PERFORMANCE ANALYSIS.,,http://repository.radenfatah.ac.id/57739/
50640,2025,,SISTEM INFORMASI PENGELOLAAN AUDIT INTERNAL SISTEM MANAJEMEN DI PT PUPUK SRIWIDJAJA PALEMBANG.,,http://repository.radenfatah.ac.id/50640/
48150,2025,,ANALISIS KUALITAS WEBSITE SMK NEGERI SUMATERA SELATAN MENGGUNAKAN METODE WEBQUAL 4.0.,,http://repository.radenfatah.ac.id/48150/
46446,2025,,Analisis Tingkat Kepuasan Aplikasi Sasa Melezatkan Pada Konsumen Wilayah Kota Palembang Menggunakan Metode Customer Satisfaction Index (CSI).,,http://repository.radenfatah.ac.id/46446/
51833,2025,,PENERAPAN RAPID APLICATION DEVELOPMENT (RAD) PADA SISTEM INFORMASI PELAYANAN PUBLIK DI KECAMATAN LUBAI KABUPATEN MUARA ENIM.,,http://repository.radenfatah.ac.id/51833/
51022,2025,,Sistem Informasi Administrasi Pada SD Negeri 178 Palembang Mnenggunakan Metode Extreme Programming.,,http://repository.radenfatah.ac.id/51022/
52453,2025,,ANALISIS KUALITAS LAYANAN BRIMO MENGGUNAKAN MODEL E-S-QUAL.,,http://repository.radenfatah.ac.id/52453/
46101,2025,,SISTEM INFORMASI BIMBINGAN KONSELING PADA SMK NEGERI 5 PALEMBANG MENGGUNAKAN METODE EXTREME PROGRAMMING.,,http://repository.radenfatah.ac.id/46101/
57161,2025,,ANALISIS SENTIMEN ULASAN APLIKASI ANDAL BY TASPEN MENGGUNAKAN SUPPORT VECTOR MACHINE (SVM).,,http://repository.radenfatah.ac.id/57161/
46430,2025,,ANALISIS KEPUASAN PENGGUNA TERHADAP APLIKASI MOTORKU X MENGGUNAKAN METODE CUSTOMER SATISFACTION INDEX.,,http://repository.radenfatah.ac.id/46430/
46358,2025,,Analisis Kualitas Layanan Sistem Informasi Ketenagakerjaan Kota Palembang (SISKA) Menggunakan Metode Servqual.,,http://repository.radenfatah.ac.id/46358/
44323,2025,,SISTEM INFORMASI MANAJEMEN SARANA DAN PRASARANA SEKOLAH MENENGAH KEJURUAN MUHAMMADIYAH 1 PALEMBANG MENGGUNAKAN METODE EXTREME PROGRAMMING.,,http://repository.radenfatah.ac.id/44323/
46527,2025,,SISTEM INFORMASI PRAKTIK KERJA LAPANGAN PADA SMK MUHAMMADIYAH Ⅰ PALEMBANG MENGGUNAKAN METODE EXTREME PROGRAMMING.,,http://repository.radenfatah.ac.id/46527/
53870,2025,,Analisis Kesuksesan E-Jurnal UIN Raden Fatah Menggunakan Model Delone And McLean.,,http://repository.radenfatah.ac.id/53870/
56012,2025,,ANALISIS KUALITAS WEBSITE SMA NEGERI 1 PALEMBANG MENGGUNAKAN MODEL WEBQUAL 4.0.,,http://repository.radenfatah.ac.id/56012/
50357,2025,,ANALISIS SENTIMEN ULASAN APLIKASI BAALWI MENGGUNAKAN ALGORITMA SUPPORT VECTOR MACHINE (SVM).,,http://repository.radenfatah.ac.id/50357/
54740,2025,,SISTEM INFORMASI MANAJEMEN KURIKULUM OUTCOME BASED EDUCATION (OBE) UIN RADEN FATAH PALEMBANG MENGGUNAKAN METODE EXTREME PROGRAMMING.,,http://repository.radenfatah.ac.id/54740/
46881,2025,,SISTEM INFORMASI GLOBAL STRATEGIC INDEX (GSI) MENGGUNAKAN METODE EXTREME PROGRAMMING.,,http://repository.radenfatah.ac.id/46881/
56013,2025,,ANALISIS KUALITAS WEBSITE MAN 3 PALEMBANG MENGGUNAKAN MODEL WEBQUAL 4.0 DAN IMPORTANCE PERFORMANCE ANALYSIS.,,http://repository.radenfatah.ac.id/56013/
48240,2025,,Analisis Kualitas Layanan Aplikasi CARE WMS Dengan Model E-S-Qual Pada Eiger Store Cabang Sumatera 1.,,http://repository.radenfatah.ac.id/48240/
57294,2025,,SISTEM INFORMASI LAYANAN PERTANIAN MASYARAKAT DESA DENGAN PENDEKATAN MANAJEMEN RANTAI PASOK.,,http://repository.radenfatah.ac.id/57294/
48131,2025,,IMPLEMENTASI TECHNOLOGY ACCEPTANCE MODEL (TAM) PADA PENGGUNA E-OFFICE DI OKU.,,http://repository.radenfatah.ac.id/48131/
52229,2025,,PENERAPAN MODEL AUTOREGRESSIVE INTEGRATED MOVING AVARAGE (ARIMA) DALAM MEMPREDIKSI PENJUALAN PRODUK DI HANJANI COFFEE AND SPACE.,,http://repository.radenfatah.ac.id/52229/
48944,2025,,ANALISIS SENTIMEN APLIKASI LIVIN BY MANDIRI PADA ULASAN PENGGUNA DI GOOGLE PLAYSTORE MENGGUNAKAN ALGORITMA NAÏVE BAIYES.,,http://repository.radenfatah.ac.id/48944/
46773,2025,,IMPLEMENTASI METODE RAPID APPLICATION DEVELOPMENT (RAD) DALAM MEMBANGUN SISTEM INFORMASI INVENTORY PADA TB. CARADA ELEKTRIK.,,http://repository.radenfatah.ac.id/46773/
48165,2025,,ANALISIS MANAJEMEN RISIKO TEKNOLOGI INFORMASI DENGAN METODE FAILURE MODE AND EFFECT ANALYSIS PADA PT KENCANA INTI PERKASA.,,http://repository.radenfatah.ac.id/48165/
46535,2025,,ANALISIS KUALITAS WEBSITE BADAN AMIL ZAKAT NASIONAL KOTA PALEMBANG MENGGUNAKAN METODE WEBQUAL 4.0 DAN IPA.,,http://repository.radenfatah.ac.id/46535/
55653,2025,,ANALISIS KESUKSESAN APLIKASI INFORMASI TIRTA MUSI MENGGUNAKAN MODEL DELONE AND MCLEAN UNIT SEBERANG ULU 1 PALEMBANG.,,http://repository.radenfatah.ac.id/55653/
46547,2025,,ANALISIS KEBERHASILAN PENERAPAN SISTEM INFORMASI MANAJEMEN RUMAH SAKIT PADA RUMAH SAKIT MUHAMMADIYAH PALEMBANG MENGGUNAKAN HUMAN ORGANIZATION TECHNOLOLGY FIT MODEL.,,http://repository.radenfatah.ac.id/46547/
